{"annotations":[{"bbox":[40,650,1533,530],"id":1,"text":"안식처","image_id":1}],"cropLabels":[],"images":[{"file_name":"간판_가로형간판_000001.jpg","date_created":"20201030","width":1600,"id":1,"height":1200}],"info":{"date_created":"20210106","name":"간판_가로형간판_000001","description":""},"metadata":[{"area":"충청권","wordfont":"활자체","outline":"상","illuminance":"밝음","wordsize":"중","light":"자연광","wordconnection":"빈공간없이이어짐","subclass":"가로형간판","weather":"맑음","device":"DSLR","wordcolor":"단색","class":"실외간판","wordorientation":"가로"}]}