{"annotations":[{"bbox":[87,436,1317,197],"id":1,"text":"아동전집할인매장","image_id":1},{"bbox":[641,255,203,159],"id":2,"text":"책","image_id":1},{"bbox":[102,244,265,95],"id":3,"text":"병아리서점","image_id":1},{"bbox":[381,229,186,121],"id":4,"text":"xxx","image_id":1},{"bbox":[81,775,1335,186],"id":5,"text":"xxx","image_id":1},{"bbox":[898,637,509,179],"id":6,"text":"xxx","image_id":1}],"cropLabels":[],"images":[{"file_name":"간판_가로형간판_000013.jpg","date_created":"20210106","width":1600,"id":1,"height":1200}],"info":{"date_created":"20210109","name":"간판_가로형간판_000013","description":""},"metadata":[{"area":"수도권","wordfont":"활자체","outline":"상","illuminance":"밝음","wordsize":"중","light":"자연광","wordconnection":"빈공간없이이어짐","subclass":"창문이용광고물","weather":"맑음","device":"스마트폰","wordcolor":"여러색","class":"실외간판","wordorientation":"가로"}]}