{"annotations":[{"bbox":[474,185,337,865],"id":1,"text":"렌트카","image_id":1},{"bbox":[1251,42,230,214],"id":2,"text":"xxx","image_id":1},{"bbox":[868,636,134,122],"id":3,"text":"xxx","image_id":1}],"cropLabels":[],"images":[{"file_name":"간판_가로형간판_000004.jpg","date_created":"20210106","width":1600,"id":1,"height":1200}],"info":{"date_created":"20210109","name":"간판_가로형간판_000004","description":""},"metadata":[{"area":"수도권","wordfont":"활자체","outline":"상","illuminance":"밝음","wordsize":"대","light":"자연광","wordconnection":"빈공간없이이어짐","subclass":"창문이용광고물","weather":"맑음","device":"스마트폰","wordcolor":"단색","class":"실외간판","wordorientation":"세로"}]}