{"annotations":[{"bbox":[209,480,1023,352],"id":1,"text":"구구족","image_id":1}],"cropLabels":[],"images":[{"file_name":"간판_가로형간판_000010.jpg","date_created":"20210106","width":1600,"id":1,"height":1200}],"info":{"date_created":"20210109","name":"간판_가로형간판_000010","description":""},"metadata":[{"area":"수도권","wordfont":"캘리그라피","outline":"상","illuminance":"중간","wordsize":"대","light":"자연광","wordconnection":"빈공간으로나뉨","subclass":"가로형간판","weather":"맑음","device":"스마트폰","wordcolor":"단색","class":"실외간판","wordorientation":"가로"}]}