{"annotations":[{"bbox":[203,474,1137,378],"id":1,"text":"열불날개","image_id":1},{"bbox":[1410,1013,177,107],"id":2,"text":"xxx","image_id":1}],"cropLabels":[],"images":[{"file_name":"간판_가로형간판_000006.jpg","date_created":"20210106","width":1600,"id":1,"height":1200}],"info":{"date_created":"20210109","name":"간판_가로형간판_000006","description":""},"metadata":[{"area":"수도권","wordfont":"캘리그라피","outline":"상","illuminance":"밝음","wordsize":"대","light":"자연광","wordconnection":"빈공간으로나뉨","subclass":"돌출간판","weather":"맑음","device":"스마트폰","wordcolor":"단색","class":"실외간판","wordorientation":"가로"}]}