{"annotations":[{"bbox":[73,139,1316,201],"id":1,"text":"열선 씨트","image_id":1},{"bbox":[72,520,1335,602],"id":2,"text":"xxx","image_id":1}],"cropLabels":[],"images":[{"file_name":"간판_가로형간판_000003.jpg","date_created":"20210106","width":1600,"id":1,"height":1200}],"info":{"date_created":"20210109","name":"간판_가로형간판_000003","description":""},"metadata":[{"area":"수도권","wordfont":"활자체","outline":"상","illuminance":"밝음","wordsize":"대","light":"자연광","wordconnection":"빈공간으로나뉨","subclass":"창문이용광고물","weather":"맑음","device":"스마트폰","wordcolor":"단색","class":"실외간판","wordorientation":"가로"}]}