{"annotations":[{"bbox":[156,399,186,230],"id":1,"text":"더","image_id":1},{"bbox":[503,364,865,256],"id":2,"text":"예쁜머리","image_id":1},{"bbox":[1006,626,361,98],"id":3,"text":"xxx","image_id":1}],"cropLabels":[],"images":[{"file_name":"간판_가로형간판_000009.jpg","date_created":"20210106","width":1600,"id":1,"height":1200}],"info":{"date_created":"20210109","name":"간판_가로형간판_000009","description":""},"metadata":[{"area":"수도권","wordfont":"활자체","outline":"상","illuminance":"밝음","wordsize":"대","light":"자연광","wordconnection":"빈공간없이이어짐","subclass":"돌출간판","weather":"맑음","device":"스마트폰","wordcolor":"여러색","class":"실외간판","wordorientation":"가로"}]}