{"annotations":[{"bbox":[230,492,856,239],"id":1,"text":"코오롱수가방","image_id":1},{"bbox":[1145,657,314,116],"id":2,"text":"xxx","image_id":1},{"bbox":[241,730,879,87],"id":3,"text":"xxx","image_id":1},{"bbox":[267,410,305,104],"id":4,"text":"xxx","image_id":1}],"cropLabels":[],"images":[{"file_name":"간판_가로형간판_000012.jpg","date_created":"20210106","width":1600,"id":1,"height":1200}],"info":{"date_created":"20210109","name":"간판_가로형간판_000012","description":""},"metadata":[{"area":"수도권","wordfont":"캘리그라피","outline":"상","illuminance":"밝음","wordsize":"중","light":"자연광","wordconnection":"빈공간없이이어짐","subclass":"창문이용광고물","weather":"맑음","device":"스마트폰","wordcolor":"단색","class":"실외간판","wordorientation":"가로"}]}