{"annotations":[{"bbox":[38,404,1252,229],"id":1,"text":"세계과자할인점","image_id":1},{"bbox":[965,729,305,96],"id":2,"text":"까까주까","image_id":1},{"bbox":[597,768,214,133],"id":3,"text":"xxx","image_id":1}],"cropLabels":[],"images":[{"file_name":"간판_가로형간판_000008.jpg","date_created":"20210106","width":1600,"id":1,"height":1200}],"info":{"date_created":"20210109","name":"간판_가로형간판_000008","description":""},"metadata":[{"area":"수도권","wordfont":"활자체","outline":"상","illuminance":"밝음","wordsize":"대","light":"자연광","wordconnection":"빈공간없이이어짐","subclass":"돌출간판","weather":"맑음","device":"스마트폰","wordcolor":"여러색","class":"실외간판","wordorientation":"가로"}]}