{"annotations":[{"bbox":[388,456,955,192],"id":1,"text":"세탁수선","image_id":1},{"bbox":[192,457,145,261],"id":2,"text":"xxx","image_id":1}],"cropLabels":[],"images":[{"file_name":"간판_가로형간판_000015.jpg","date_created":"20210106","width":1600,"id":1,"height":1200}],"info":{"date_created":"20210109","name":"간판_가로형간판_000015","description":""},"metadata":[{"area":"수도권","wordfont":"활자체","outline":"상","illuminance":"밝음","wordsize":"대","light":"자연광","wordconnection":"빈공간없이이어짐","subclass":"가로형간판","weather":"맑음","device":"스마트폰","wordcolor":"여러색","class":"실외간판","wordorientation":"가로"}]}