{"annotations":[{"bbox":[178,405,492,252],"id":1,"text":"강동","image_id":1},{"bbox":[675,389,730,262],"id":2,"text":"아구찜","image_id":1}],"cropLabels":[],"images":[{"file_name":"간판_가로형간판_000002.jpg","date_created":"20210106","width":1600,"id":1,"height":1200}],"info":{"date_created":"20210109","name":"간판_가로형간판_000002","description":""},"metadata":[{"area":"수도권","wordfont":"활자체","outline":"상","illuminance":"밝음","wordsize":"대","light":"자연광","wordconnection":"빈공간없이이어짐","subclass":"창문이용광고물","weather":"맑음","device":"스마트폰","wordcolor":"여러색","class":"실외간판","wordorientation":"가로"}]}