{"annotations":[{"bbox":[474,430,996,259],"id":1,"text":"게임랜드","image_id":1},{"bbox":[1390,727,172,80],"id":2,"text":"xxx","image_id":1},{"bbox":[1519,5,74,305],"id":3,"text":"xxx","image_id":1}],"cropLabels":[],"images":[{"file_name":"간판_가로형간판_000007.jpg","date_created":"20210106","width":1600,"id":1,"height":1200}],"info":{"date_created":"20210109","name":"간판_가로형간판_000007","description":""},"metadata":[{"area":"수도권","wordfont":"활자체","outline":"상","illuminance":"밝음","wordsize":"대","light":"자연광","wordconnection":"빈공간없이이어짐","subclass":"돌출간판","weather":"맑음","device":"스마트폰","wordcolor":"단색","class":"실외간판","wordorientation":"가로"}]}