{"annotations":[{"bbox":[58,334,600,335],"id":1,"text":"간판","image_id":1},{"bbox":[611,727,311,99],"id":2,"text":"제일광고","image_id":1},{"bbox":[693,332,742,386],"id":3,"text":"xxx","image_id":1},{"bbox":[1020,710,457,144],"id":4,"text":"xxx","image_id":1},{"bbox":[9,636,102,78],"id":5,"text":"xxx","image_id":1}],"cropLabels":[],"images":[{"file_name":"간판_가로형간판_000005.jpg","date_created":"20210106","width":1600,"id":1,"height":1200}],"info":{"date_created":"20210109","name":"간판_가로형간판_000005","description":""},"metadata":[{"area":"수도권","wordfont":"활자체","outline":"상","illuminance":"중간","wordsize":"중","light":"자연광","wordconnection":"빈공간없이이어짐","subclass":"창문이용광고물","weather":"맑음","device":"스마트폰","wordcolor":"여러색","class":"실외간판","wordorientation":"가로"}]}